5,0.000002,1,0,2,4,3
50,0.000012,15,24,30,4,36,3,47,8,21,44,0,11,40,18,33,29,34,20,39,45,17,19,12,25,2,31,7,9,48,5,42,43,10,41,23,13,27,38,1,32,37,28,16,22,6,35,26,46,14,49
100,0.000044,10,77,40,20,18,43,37,22,54,24,34,3,32,66,63,62,12,11,0,29,98,69,47,50,53,5,39,33,59,51,25,99,46,6,56,64,55,21,80,97,60,65,87,52,14,93,89,72,30,67,58,7,8,31,9,4,61,82,28,2,27,88,90,92,79,48,15,91,84,73,81,70,44,83,71,75,17,96,57,85,95,36,86,45,35,19,26,16,74,94,76,38,78,41,68,1,42,13,49,23
200,0.000268,12,19,90,135,130,82,174,7,98,108,197,20,28,120,152,44,57,64,87,54,156,9,186,59,100,109,15,140,147,83,124,67,179,91,62,71,132,8,13,114,142,138,65,196,162,198,60,184,34,136,52,89,115,145,40,119,84,81,192,35,55,41,144,190,77,191,125,172,43,111,164,129,137,141,116,4,37,134,11,107,56,128,199,88,6,33,45,161,85,139,38,73,102,167,0,149,48,113,94,78,148,155,169,121,163,61,42,157,177,170,165,151,80,39,133,18,53,195,150,5,30,76,93,86,166,185,22,110,74,112,143,23,51,183,146,70,36,46,2,24,95,25,154,187,75,158,173,101,27,31,159,193,17,66,123,14,188,58,181,160,131,194,122,68,189,176,97,79,171,106,47,168,16,105,126,92,104,32,178,175,96,118,103,3,127,153,21,69,180,29,1,117,10,50,72,49,26,182,99,63
300,0.000275,270,259,154,240,12,254,214,11,191,293,128,298,172,180,25,166,57,184,132,119,217,31,133,295,167,250,104,111,173,130,84,69,105,215,76,35,265,277,182,94,4,64,23,101,95,241,158,17,114,22,68,285,163,183,151,120,233,79,220,122,150,237,223,161,242,91,142,273,286,74,86,218,189,2,117,51,107,279,67,294,284,26,123,225,204,187,28,78,38,258,231,152,77,32,7,282,143,275,263,48,222,177,66,135,196,243,110,82,210,192,238,44,125,278,171,246,288,75,160,228,155,262,227,39,257,121,157,188,97,106,108,113,226,181,55,206,10,6,15,149,13,56,251,126,88,175,70,200,137,169,280,299,168,268,276,33,290,201,71,112,19,291,58,252,219,92,29,274,43,37,287,170,234,139,236,213,41,203,153,21,297,80,267,136,176,269,178,115,3,24,34,134,253,8,202,96,247,239,209,89,159,102,140,46,16,230,292,49,207,27,271,60,1,164,224,144,54,229,272,185,256,99,50,62,47,118,87,83,98,109,211,190,14,124,63,193,45,103,129,147,18,42,61,141,208,30,90,198,216,5,244,100,255,296,264,65,52,212,146,127,232,148,36,59,156,165,20,194,85,186,260,0,197,174,116,53,283,162,40,9,205,266,221,245,179,81,248,249,289,261,145,235,131,73,281,72,93,138,199,195
400,0.000483,118,259,210,270,0,368,325,287,214,309,274,221,183,163,162,198,144,74,316,81,367,206,385,318,68,103,222,67,108,80,171,263,71,83,342,62,50,79,56,277,253,215,327,53,26,275,72,399,180,249,212,225,40,176,398,185,233,211,335,302,306,196,227,91,129,12,365,34,278,170,315,23,337,223,20,181,155,166,297,241,154,356,328,290,248,351,102,93,303,123,151,260,6,11,231,189,100,76,157,314,336,332,340,46,188,224,381,364,111,104,392,110,1,24,33,14,341,244,38,82,58,22,60,240,97,177,255,69,202,63,194,389,117,66,165,8,390,312,158,329,184,294,17,120,59,324,289,27,101,98,187,127,379,182,258,226,160,31,377,30,378,313,395,191,360,219,376,41,142,164,394,145,89,136,96,276,350,252,216,344,25,174,208,236,7,19,113,396,90,310,42,353,54,366,35,4,247,345,300,190,32,280,197,386,257,161,269,234,3,107,296,57,149,229,266,282,36,18,357,61,130,178,169,320,299,301,78,141,334,152,363,298,285,319,384,95,370,143,13,330,238,44,64,293,150,45,205,218,251,380,49,373,371,349,230,47,121,87,156,65,372,354,84,321,133,159,362,207,88,397,246,140,388,51,286,261,10,21,2,192,254,245,295,186,291,139,262,235,179,346,77,55,374,343,73,243,195,122,308,279,323,173,148,105,75,382,355,119,203,326,311,39,132,112,242,217,167,204,307,283,348,99,391,264,86,92,375,317,387,5,126,9,137,352,153,124,347,146,48,358,106,147,114,135,331,281,232,201,85,138,37,256,393,268,361,109,284,172,265,304,16,116,271,322,193,213,43,168,28,250,52,29,199,125,359,134,131,220,200,15,70,115,338,94,292,209,128,267,273,333,339,272,239,228,288,175,383,305,369,237
500,0.000795,443,196,165,314,246,486,380,60,164,496,145,21,475,87,291,132,49,329,133,399,366,352,333,396,278,222,118,90,484,80,141,177,150,123,183,421,204,166,28,453,48,385,135,469,422,92,273,338,285,318,330,459,290,494,34,70,397,411,454,191,199,461,107,466,388,79,363,69,248,282,326,495,406,214,413,154,467,173,161,302,131,431,35,255,249,243,460,258,104,418,78,387,241,30,451,272,429,355,328,270,19,383,493,15,339,497,162,362,163,368,157,14,6,474,138,23,304,103,64,274,478,341,286,22,50,58,337,372,66,283,105,378,424,471,275,263,27,251,147,311,279,144,391,192,346,219,151,323,37,448,357,427,420,440,457,228,65,395,171,100,252,297,52,315,109,174,10,317,426,45,224,470,110,43,452,316,117,169,499,488,462,122,201,305,56,437,232,143,487,53,450,229,405,306,137,367,322,325,83,31,347,371,193,99,301,464,152,213,425,20,136,480,142,182,381,167,476,68,407,11,55,38,216,195,98,119,409,288,198,335,217,8,140,289,477,210,373,4,404,489,207,303,61,240,260,170,156,284,59,481,115,189,400,294,320,215,434,336,370,446,149,353,124,287,148,345,408,374,319,432,277,9,423,26,187,47,230,155,433,153,447,168,430,93,120,139,410,455,327,438,402,482,428,29,393,310,13,386,365,299,39,1,175,485,62,449,465,212,91,292,468,114,390,334,77,307,472,332,205,7,86,247,435,158,389,266,439,359,41,211,134,356,349,231,172,234,445,97,267,221,36,57,456,89,491,73,483,128,415,348,384,490,188,281,126,295,82,239,94,276,254,202,340,46,129,33,414,444,76,101,111,181,242,436,394,256,360,350,235,442,209,81,376,324,358,106,17,84,102,271,25,63,2,342,203,130,293,95,3,233,331,160,463,343,121,226,16,51,412,200,96,354,0,238,75,71,392,298,176,179,32,67,377,159,309,218,300,419,180,398,417,375,42,244,344,12,178,184,245,18,262,379,116,24,250,492,321,186,312,108,127,74,225,54,458,264,227,401,72,85,269,113,382,473,237,223,261,44,206,194,88,479,369,351,361,441,40,236,220,208,280,125,313,253,416,146,296,259,257,498,190,268,5,265,197,185,308,403,112,364
600,0.001030,472,134,487,360,401,15,545,222,512,282,467,361,484,532,54,516,114,14,121,377,465,551,66,347,560,123,236,263,64,39,42,543,187,21,318,274,353,457,113,414,294,580,210,297,204,315,53,147,37,30,179,573,104,83,128,208,178,17,268,575,22,38,161,4,569,351,322,364,174,32,119,449,333,598,292,81,537,458,286,535,58,213,89,486,60,468,193,314,201,577,264,214,12,162,550,436,383,533,202,380,27,517,345,136,145,125,494,252,470,325,260,419,59,200,223,138,100,296,422,109,448,499,474,227,281,587,199,68,277,423,3,405,564,547,485,406,574,480,562,144,153,278,536,63,251,93,131,316,332,285,453,531,175,376,371,257,254,548,24,146,261,594,355,502,170,271,154,356,61,110,553,445,95,362,312,188,456,19,348,159,311,328,158,276,273,29,369,343,28,495,595,349,287,440,26,129,155,105,447,365,267,206,224,462,165,330,497,452,589,528,31,36,400,523,566,541,590,44,132,43,529,576,82,85,238,418,392,23,565,203,585,396,555,190,454,393,163,157,359,504,430,407,491,342,6,426,329,432,71,557,461,327,581,375,181,172,185,429,338,228,235,97,265,86,16,262,583,450,103,126,438,431,390,40,306,94,120,435,357,317,352,570,284,324,508,142,295,248,498,304,266,319,578,72,525,439,151,186,73,176,544,505,46,527,116,571,245,124,593,420,530,52,522,11,221,372,239,87,173,579,243,591,55,303,75,215,0,279,542,135,167,156,169,102,283,539,582,259,559,232,130,379,241,70,231,389,335,50,363,370,368,225,219,256,177,455,299,460,8,534,305,524,391,428,321,226,384,253,275,451,139,554,140,137,9,288,443,74,404,115,234,171,57,599,397,258,25,434,518,337,417,18,216,98,67,118,237,47,247,229,160,481,127,444,205,217,197,382,473,218,378,415,561,552,469,496,442,331,212,99,386,336,500,411,33,506,503,339,412,459,490,289,69,394,374,84,166,111,597,421,546,112,416,302,168,475,249,446,511,250,192,340,515,326,152,309,5,184,290,513,143,403,501,189,122,519,244,80,148,62,230,388,90,2,150,313,408,488,272,207,526,514,301,149,293,180,478,7,310,568,141,538,558,269,45,35,334,107,280,298,387,20,344,358,540,373,433,242,588,117,567,572,195,521,586,182,479,196,385,211,381,493,354,270,191,509,49,584,79,108,596,10,308,92,477,246,402,410,592,13,366,323,48,307,34,106,549,41,164,220,209,96,91,183,77,341,133,78,425,101,483,65,194,520,563,441,367,300,76,291,471,320,409,395,476,437,233,346,489,413,56,556,463,482,1,88,198,350,466,255,464,507,240,398,424,510,492,427,51,399
700,0.001380,367,177,417,54,590,256,581,272,319,254,268,211,56,99,193,210,330,96,393,510,446,372,460,232,648,608,517,90,558,341,315,512,164,471,527,585,243,109,121,354,489,237,666,74,464,333,224,345,358,226,127,662,70,73,296,206,264,463,553,170,563,524,542,33,195,614,9,22,485,554,98,257,470,97,538,369,535,690,371,411,378,308,269,684,131,374,693,149,392,295,443,262,187,297,611,147,561,169,577,34,263,79,573,53,610,579,328,669,348,343,521,173,681,651,286,364,213,578,351,76,539,688,658,493,129,567,326,675,412,284,305,403,394,661,50,410,1,118,546,486,570,134,461,422,440,25,281,695,334,565,222,101,212,321,496,217,31,61,591,395,375,171,604,7,83,43,219,17,94,635,600,626,58,551,198,533,656,253,449,238,113,302,507,362,506,32,431,404,273,531,457,151,69,612,421,40,664,599,671,48,559,46,557,166,597,292,519,196,251,67,556,575,692,388,200,28,598,188,427,424,120,676,487,47,458,414,390,665,459,479,194,568,518,478,85,622,23,270,467,267,515,673,344,141,415,678,634,294,505,513,51,65,652,335,228,444,318,216,13,306,603,36,117,154,38,276,95,42,0,265,172,289,401,488,476,433,247,445,402,209,569,619,416,158,659,41,366,481,560,451,357,500,379,218,323,454,594,329,629,146,361,572,639,314,204,490,469,52,663,571,420,155,312,654,199,307,448,381,72,183,439,68,380,180,644,10,310,322,105,526,115,541,407,668,653,298,529,636,536,63,21,205,15,192,633,589,89,16,353,119,145,595,304,144,138,523,174,537,499,468,157,12,6,623,290,409,279,596,682,618,162,441,391,75,564,303,248,452,426,377,282,29,230,84,615,593,140,287,150,398,419,677,360,588,125,4,528,26,181,667,643,132,250,583,8,100,625,148,139,483,14,502,584,385,252,423,674,153,87,540,472,130,280,655,18,245,143,447,649,106,534,566,221,509,376,480,429,646,497,82,283,249,231,30,691,434,694,124,92,432,672,632,363,660,680,142,384,78,55,197,339,530,285,234,498,189,255,259,266,275,313,215,93,207,39,508,491,291,182,631,214,112,396,495,236,525,80,77,437,580,309,274,428,462,624,399,201,475,190,107,679,168,19,408,2,368,503,474,271,235,549,582,24,389,60,373,365,607,260,159,609,442,696,227,650,698,11,492,102,261,450,167,383,617,311,548,640,406,178,605,288,699,352,208,355,342,562,601,88,45,220,337,108,104,477,413,203,325,122,522,277,687,20,387,456,627,191,37,425,152,293,133,683,641,574,482,685,324,320,242,62,613,386,620,44,514,628,246,317,621,332,179,300,592,316,405,299,163,438,382,511,223,520,616,156,160,436,501,301,602,64,637,239,233,453,552,465,71,66,135,657,532,111,689,240,543,336,35,697,137,338,327,494,435,229,3,244,545,136,455,110,340,356,430,128,331,418,202,397,670,504,91,686,81,346,225,176,116,359,57,278,370,466,241,161,473,576,184,586,126,5,186,165,27,484,642,258,516,400,86,645,103,638,185,349,647,630,175,49,350,606,544,555,550,547,59,114,587,123,347
800,0.001805,476,63,750,29,398,206,567,732,492,753,662,617,626,66,409,668,437,84,429,629,169,706,235,9,506,68,74,436,152,548,296,584,618,164,56,101,520,534,572,278,10,55,701,430,449,744,1,415,378,357,470,676,516,389,677,90,599,493,145,648,699,22,102,609,330,177,394,226,271,218,700,237,542,287,762,514,705,335,16,483,239,288,666,574,137,580,213,377,411,786,573,541,561,768,454,407,778,466,527,34,25,255,695,21,130,446,289,349,687,277,776,737,338,72,110,376,413,511,279,442,86,298,267,54,207,273,535,488,641,100,460,50,631,163,423,723,785,512,295,461,546,792,634,240,586,148,43,571,342,203,160,391,543,481,738,301,596,211,284,250,129,657,70,496,95,127,221,189,147,317,405,270,92,198,245,358,321,555,312,79,719,620,431,64,285,787,154,497,557,507,272,193,796,749,450,582,468,384,495,61,621,453,726,716,97,268,187,290,689,122,99,722,251,489,728,219,531,39,743,328,583,128,521,708,477,254,326,126,592,665,123,24,673,248,47,382,784,308,220,443,204,619,365,526,185,445,361,41,715,505,473,428,233,622,269,414,606,113,103,324,754,215,635,638,375,89,107,736,517,669,115,184,474,469,682,94,591,159,6,679,33,688,322,344,559,387,222,763,36,37,229,628,367,678,614,399,529,459,434,607,751,615,364,645,356,793,316,214,5,463,132,604,196,320,263,23,734,179,406,777,771,681,435,727,764,121,386,575,224,494,351,447,202,170,119,60,52,590,478,711,790,444,13,209,116,759,579,172,720,530,244,513,304,307,651,158,661,779,475,259,57,518,587,658,166,168,176,712,799,755,581,190,280,19,67,485,133,643,370,441,11,691,569,15,554,588,451,724,424,306,76,702,600,490,265,258,313,175,3,329,32,692,323,14,553,578,371,625,756,182,243,350,388,595,608,703,249,653,456,65,352,173,794,20,73,303,725,292,539,499,112,556,188,0,760,2,80,266,162,49,613,91,195,550,636,383,747,757,315,560,484,797,729,746,532,257,88,337,17,563,795,602,341,363,410,733,366,693,161,234,38,426,464,467,395,403,69,425,654,12,503,125,373,174,143,502,672,353,106,252,348,146,231,347,642,372,77,519,183,96,71,761,533,4,75,644,374,205,118,18,670,28,545,293,223,343,632,603,98,355,656,465,51,256,390,547,139,402,650,639,610,380,111,319,589,87,601,630,120,178,452,509,332,336,44,721,124,294,217,421,62,276,791,597,664,419,697,362,611,766,331,568,48,487,576,333,305,472,27,153,675,155,498,186,515,612,282,369,570,504,379,401,709,302,274,667,438,544,562,144,396,649,769,340,741,789,40,770,704,310,314,594,109,192,134,309,633,325,35,404,593,647,385,735,191,30,346,500,698,58,400,238,180,300,232,780,455,216,730,686,458,318,136,748,417,552,510,412,540,627,393,471,694,228,616,140,605,798,538,408,585,157,420,522,165,714,788,81,85,171,345,781,767,210,46,710,360,491,397,640,742,775,433,167,782,201,131,457,774,241,685,551,549,655,480,141,212,8,339,227,652,598,368,740,683,439,418,479,281,637,525,117,671,149,752,82,392,564,181,783,114,482,427,731,283,334,78,156,508,246,297,135,524,104,646,59,264,537,765,659,327,26,7,261,247,684,536,142,359,53,253,242,381,416,440,299,758,623,200,707,713,528,577,199,624,311,432,236,262,151,225,83,566,462,773,565,105,108,486,718,501,523,138,558,208,42,354,772,422,690,194,745,197,286,31,291,230,739,260,448,93,663,674,660,680,150,275,696,45,717
900,0.002607,95,800,358,506,43,317,614,204,99,21,836,304,809,495,285,445,582,607,143,461,611,750,660,97,887,221,213,68,38,536,124,824,620,299,198,357,680,640,169,842,744,283,788,459,829,695,437,98,57,338,28,779,216,747,743,73,870,85,59,258,306,231,356,3,844,236,480,162,645,688,531,716,543,223,874,798,61,683,737,533,94,279,215,241,256,496,376,532,109,127,567,858,545,741,481,830,252,16,12,196,564,632,383,463,530,563,670,79,386,439,191,62,451,751,403,323,447,720,847,718,514,52,122,330,5,201,767,572,375,782,159,17,123,335,351,7,415,443,128,615,805,806,469,199,569,426,793,349,137,653,740,721,155,890,519,344,471,50,341,116,130,534,329,627,723,76,644,414,485,161,171,413,315,810,865,866,427,589,605,484,393,508,167,556,418,668,253,404,44,346,45,772,465,350,371,288,382,499,157,121,635,588,92,813,230,630,818,827,409,47,659,542,65,108,571,226,388,872,104,600,466,234,363,189,486,561,293,154,623,669,251,245,292,53,242,181,272,202,583,883,133,652,264,436,406,875,837,472,619,396,33,168,727,26,141,675,541,637,560,83,832,69,72,799,850,655,597,391,112,841,769,649,704,390,664,880,573,222,416,250,700,34,179,674,512,308,717,854,362,78,314,456,869,397,379,681,407,93,606,856,877,235,42,337,261,613,656,602,55,444,622,178,625,476,75,401,352,840,734,294,175,789,49,131,650,182,336,479,513,424,736,194,577,412,145,58,275,647,119,348,715,663,164,8,384,173,517,766,884,368,709,642,673,859,193,312,501,518,31,595,881,144,585,550,280,724,662,271,891,232,224,138,894,374,310,302,762,286,684,301,454,862,411,446,305,367,621,892,758,599,266,300,552,801,714,190,174,853,328,537,592,478,10,425,822,160,468,254,546,23,211,882,410,568,102,114,754,746,187,340,672,208,203,229,504,694,269,491,295,320,574,36,277,394,665,186,554,764,29,735,697,781,322,423,719,46,661,100,565,146,609,555,524,726,370,593,64,185,838,893,345,511,212,132,792,263,535,493,37,755,360,629,274,289,421,711,833,334,220,873,262,389,654,899,578,378,753,228,483,19,528,601,120,821,690,722,831,372,9,25,475,249,702,82,633,868,206,457,498,84,218,259,210,1,797,576,248,63,879,387,759,794,667,354,477,151,686,6,287,177,584,333,730,778,464,728,452,373,705,339,326,355,32,313,823,184,244,860,74,88,703,364,527,87,343,462,276,732,467,760,610,442,165,596,631,551,449,651,417,107,433,616,342,803,2,676,176,150,500,129,438,243,233,117,871,820,783,377,608,217,581,240,591,183,492,696,90,867,679,814,603,888,784,852,790,246,811,139,510,587,458,671,786,878,777,731,739,366,270,677,765,559,11,347,381,522,774,691,570,488,896,775,327,773,549,634,140,316,525,819,453,118,505,400,538,205,265,503,815,405,311,125,757,520,825,885,643,369,4,197,361,207,48,776,482,319,706,60,239,66,281,238,428,158,291,579,708,507,516,332,763,385,18,808,895,237,636,247,13,303,153,41,489,321,845,812,192,22,618,712,110,529,791,745,612,785,448,136,24,693,115,134,738,544,89,490,851,733,802,648,742,430,395,509,455,834,40,835,422,521,540,474,725,135,756,399,580,558,804,419,170,749,359,575,594,450,807,290,604,149,678,547,434,849,855,526,398,200,729,432,864,523,227,152,260,435,51,0,267,126,431,188,284,886,195,225,440,408,166,553,282,698,761,27,787,898,473,548,268,707,539,562,307,460,598,817,770,795,861,15,111,487,828,628,14,402,324,646,180,710,172,689,35,624,273,843,318,497,771,309,846,682,685,658,687,566,353,857,148,626,494,657,278,692,298,67,77,641,889,876,86,30,156,255,147,796,429,209,105,848,81,101,863,80,71,325,54,365,617,296,897,103,502,56,20,91,768,839,748,701,441,639,780,713,106,590,515,816,392,380,214,699,39,331,297,666,257,752,826,219,470,70,638,163,142,96,557,420,113,586
1000,0.005854,439,434,312,615,148,687,792,726,430,22,402,865,14,390,853,574,647,510,6,113,790,344,803,633,733,329,610,603,589,170,974,530,247,535,601,465,732,10,496,772,197,166,536,686,743,237,1,345,784,759,383,359,768,70,926,275,721,764,619,92,556,143,53,287,551,544,628,982,846,983,907,262,757,946,904,302,984,707,193,624,650,192,892,869,989,261,972,969,99,602,453,34,668,210,774,710,385,232,268,607,844,238,625,281,242,653,666,594,57,830,299,670,424,722,141,157,976,395,547,462,342,41,828,811,236,661,855,263,471,663,11,888,384,452,527,748,211,606,970,77,228,506,521,191,725,881,756,279,405,182,739,230,518,436,817,361,100,129,30,369,147,754,190,889,31,495,933,27,843,215,81,445,856,883,109,730,609,490,986,97,432,367,583,254,382,107,95,891,735,273,873,76,308,176,500,657,459,864,225,479,533,863,880,644,532,416,198,289,202,991,947,378,912,346,104,348,379,555,925,4,122,483,7,331,847,212,515,737,149,937,336,393,106,492,617,205,713,621,676,810,360,135,265,376,156,381,399,524,449,458,780,16,537,29,931,454,750,770,227,685,88,671,978,116,351,961,802,204,769,580,645,209,728,408,415,896,999,206,866,565,183,963,118,822,845,317,300,396,414,178,903,188,564,266,296,934,890,89,579,952,528,98,486,622,138,9,840,703,648,476,288,450,634,801,800,681,727,552,404,578,130,218,428,132,47,590,949,936,310,114,941,586,241,403,217,368,753,389,45,286,108,400,295,185,184,120,994,136,115,72,371,314,577,829,284,24,248,293,804,742,814,680,837,787,838,321,444,821,17,899,659,693,35,153,682,20,571,791,964,270,163,541,505,220,560,291,538,704,380,708,139,12,290,689,19,630,267,334,186,543,554,410,137,352,173,298,965,366,627,736,690,824,503,377,46,712,358,620,160,304,260,678,169,542,277,48,808,63,328,8,504,599,426,189,164,375,876,362,548,37,884,69,0,93,850,973,826,421,773,417,684,618,398,832,491,61,431,805,128,677,316,741,635,696,470,105,482,928,512,226,953,755,699,740,245,429,438,519,333,195,702,13,623,246,918,915,58,593,5,394,51,923,62,91,39,660,885,812,387,513,499,767,835,993,216,662,825,951,272,752,145,887,112,68,463,514,347,751,498,446,21,667,938,87,60,461,777,954,353,944,581,744,110,224,631,427,223,861,66,484,474,418,776,409,673,280,674,566,709,233,523,327,672,448,285,799,315,806,701,488,559,282,711,433,572,489,959,569,613,323,84,588,520,509,460,94,614,563,584,203,511,568,761,311,995,950,823,219,121,789,626,539,720,96,180,297,570,842,656,199,64,637,987,313,882,997,781,255,745,612,854,338,326,355,18,337,914,651,413,616,2,775,420,73,967,698,794,124,688,349,481,998,472,208,319,575,809,494,59,75,487,181,595,731,43,318,929,968,719,807,749,924,573,797,600,155,901,253,52,870,971,723,706,878,932,23,271,655,477,264,591,257,320,493,42,955,422,654,144,213,576,920,930,201,895,411,922,80,700,871,562,747,28,177,339,862,783,442,646,798,117,771,501,540,793,785,585,343,592,549,956,990,766,171,44,194,779,818,162,841,467,457,146,239,717,857,363,948,872,852,691,638,981,165,716,36,827,905,669,475,133,975,558,159,401,604,734,705,760,958,649,274,350,303,860,123,683,522,207,940,867,902,131,557,909,897,158,636,665,927,83,497,632,154,301,65,119,406,67,480,875,464,977,74,795,858,386,935,966,125,942,919,874,50,354,372,235,851,567,56,980,939,40,718,597,762,243,608,252,553,3,979,820,374,306,388,848,259,985,407,335,455,641,529,473,516,437,898,796,715,90,778,957,244,765,517,910,643,921,425,240,357,111,251,140,292,142,598,877,582,642,33,695,222,546,250,127,221,356,456,813,307,469,675,587,758,126,478,200,526,278,900,423,196,234,322,639,485,309,550,466,943,365,175,815,886,168,441,746,561,839,276,960,443,545,629,269,908,150,256,86,447,85,836,916,640,49,819,525,172,167,101,868,341,419,834,859,330,392,507,788,531,652,831,508,391,305,397,605,694,161,988,79,658,78,679,249,782,54,962,893,412,364,38,440,324,325,738,103,692,833,992,82,26,816,25,596,729,913,151,894,996,231,611,451,258,294,134,373,229,370,283,879,15,697,917,71,724,502,714,214,849,174,187,911,945,340,179,906,55,468,664,435,786,534,763,32,152,102,332
